<?xml version="1.0" encoding="utf-8"?>
<beans xmlns="http://www.springframework.org/schema/beans"
       xmlns:xsi="http://www.w3.org/2001/XMLSchema-instance" xmlns:context="http://www.springframework.org/schema/context"
       xmlns:aop="http://www.springframework.org/schema/aop" xmlns:tx="http://www.springframework.org/schema/tx"
       xsi:schemaLocation="
	http://www.springframework.org/schema/beans http://www.springframework.org/schema/beans/spring-beans.xsd
	http://www.springframework.org/schema/context http://www.springframework.org/schema/context/spring-context.xsd
	http://www.springframework.org/schema/tx http://www.springframework.org/schema/tx/spring-tx.xsd
	http://www.springframework.org/schema/aop http://www.springframework.org/schema/aop/spring-aop.xsd"
       default-autowire="byName" default-lazy-init="true">
    <context:component-scan base-package="com.lclizhao.sharebook"></context:component-scan>
    <!--spring整合Hibernate-->
    <bean id="sessionFactory" class="org.springframework.orm.hibernate4.LocalSessionFactoryBean">
        <property name="dataSource" ref="DataSource" />
        <property name="configLocation">
            <value>
                classpath:hibernate.cfg.xml
            </value>
        </property>
        <property name="hibernateProperties">
            <props>
                <prop key="hibernate.dialect">org.hibernate.dialect.MySQLDialect</prop>
                <prop key="hibernate.show_sql">true</prop>
                <prop key="hibernate.use_sql_comments">true</prop>
                <prop key="hibernate.current_session_context_class">org.springframework.orm.hibernate4.SpringSessionContext</prop>
            </props>
        </property>
        <!-- 自动扫描注解方式配置的hibernate类文件 -->
        <property name="packagesToScan">
            <list>
                <value>com.lclizhao.sharebook.daomain</value>
            </list>
        </property>
    </bean>
    <!--C3P0的数据源-->
    <bean id="DataSource" class="com.mchange.v2.c3p0.ComboPooledDataSource" destroy-method="close">
        <property name="driverClass" value="com.mysql.jdbc.Driver" />
        <property name="jdbcUrl" value="jdbc:mysql://localhost:3306/shareBook" />
        <property name="user" value="root" />
        <property name="password" value="123" />
        <property name="maxPoolSize" value="10" />
        <property name="maxStatements" value="0" />
        <property name="minPoolSize" value="5" />
    </bean>
    <!--配置事务管理器-->
    <bean name="transactionManager" class="org.springframework.orm.hibernate4.HibernateTransactionManager">
        <property name="sessionFactory" ref="sessionFactory"></property>
    </bean>
    <!--注解方式配置事物-->
    <tx:annotation-driven transaction-manager="transactionManager" proxy-target-class="true"/>

    </beans>
